maHuyet,tenViet
LU1,HUYỆT TRUNG PHỦ
LU2,HUYỆT VÂN MÔN
LU3,HUYỆT THIÊN PHỦ
LU4,HUYỆT HIỆP BẠCH
LU5,HUYỆT XÍCH TRẠCH
LU6,HUYỆT KHỔNG TỐI
LU7,HUYỆT LIỆT KHUYẾT
LU8,HUYỆT KINH CỪ/CỰ
LU9,HUYỆT THÁI UYÊN
LU10,HUYỆT NGƯ TẾ
LU11,HUYỆT THIẾU THƯƠNG
LI1,HUYỆT THƯƠNG DƯƠNG
LI2,HUYỆT NHỊ GIAN
LI3,HUYỆT TAM GIAN
LI4,HUYỆT HỢP CỐC
LI5,HUYỆT DƯƠNG KHÊ
LI6,HUYỆT THIÊN LỊCH
LI6,HUYỆT ÔN LƯU
LI8,HUYỆT HẠ LIÊM
LI9,HUYỆT THƯỢNG LIÊM
LI10,HUYỆT THỦ TAM LÝ
LI11,HUYỆT KHÚC TRÌ
LI12,HUYỆT TRỬU LIÊU
LI13,HUYỆT THỦ NGŨ LÝ
LI14,HUYỆT TÝ NHU
LI15,HUYỆT KIÊN NGUNG
LI16,HUYỆT CỰ CỐT
LI17,HUYỆT THIÊN ĐỈNH
LI18,HUYỆT PHÙ DỘT
LI19,HUYỆT KHẨU HOÀ LIÊU
LI20,HUYỆT NGHINH HƯƠNG
ST1,HUYỆT THỪA KHẤP
ST2,HUYỆT TỨ BẠCH
ST3,HUYỆT CỰ LIÊU
ST4,HUYỆT ĐỊA THƯƠNG
ST5,HUYỆT ĐẠI NGHINH
ST6,HUYỆT GIÁP XA
ST7,HUYỆT HẠ QUAN
ST8,HUYỆT ĐẦU DUY
ST9,HUYỆT NHÂN NGHINH
ST10,HUYỆT THUỶ ĐỘT
ST11,HUYỆT KHÍ XÁ
ST12,HUYỆT KHUYẾT BỒN
ST13,HUYỆT KHÍ HỘ
ST14,HUYỆT KHỐ PHÒNG
ST15,HUYỆT ỐC Ế
ST16,HUYỆT ƯNG SONG
ST17,HUYỆT NHŨ TRUNG
ST18,HUYỆT NHŨ CĂN
ST19,HUYỆT BẤT DUNG
ST20,HUYỆT THỪA MÃN
ST21,HUYỆT LƯƠNG MÔN
ST22,HUYỆT QUAN MÔN
ST23,HUYỆT THÁI ẤT
ST24,HUYỆT HOẠT NHỤC MÔN
ST25,HUYỆT THIÊN KHU
ST26,HUYỆT NGOẠI LĂNG
ST27,HUYỆT ĐẠI CỰ
ST28,HUYỆT THUỶ ĐẠO
ST29,HUYỆT QUY LAI
ST30,HUYỆT KHÍ XUNG
ST31,HUYỆT BỄ QUAN
ST32,HUYỆT PHỤC THỎ
ST33,HUYỆT ÂM THỊ
ST34,HUYỆT LƯƠNG KHÂU
ST35,HUYỆT ĐỘC TỊ
ST36,HUYỆT TÚC TAM LÝ
ST37,HUYỆT THƯỢNG CỰ HƯ
ST38,HUYỆT ĐIỀU KHẨU
ST39,HUYỆT HẠ CỰ HƯ
ST40,HUYỆT PHONG LONG
ST41,HUYỆT GIẢI KHÊ
ST42,HUYỆT XUNG DƯƠNG
ST43,HUYỆT HÃM CỐC
ST44,HUYỆT NỘI ĐÌNH
ST45,HUYỆT LỆ ĐOÀI
SP1,HUYỆT ẨN BẠCH
SP2,HUYỆT ĐẠI ĐÔ
SP3,HUYỆT THÁI BẠCH
SP4,HUYỆT CÔNG TÔN
SP5,HUYỆT THƯƠNG KHÂU
SP6,HUYỆT TAM ÂM GIAO
SP7,HUYỆT LẬU CỐC
SP8,HUYỆT ĐỊA CƠ
SP9,HUYỆT ÂM LĂNG TUYỀN
SP10,HUYỆT HUYẾT HẢI
SP11,HUYỆT CƠ MÔN
SP12,HUYỆT XUNG MÔN
SP13,HUYỆT PHỦ XÁ
SP14,HUYỆT PHÚC KẾT
SP15,HUYỆT ĐẠI HOÀNH
SP16,HUYỆT PHÚC AI
SP17,HUYỆT THỰC ĐẬU
SP18,HUYỆT THIÊN KHÊ
SP19,HUYỆT HUNG HƯƠNG
SP21,HUYỆT ĐẠI BAO
HT1,HUYỆT CỰC TUYỀN
HT2,HUYỆT THANH LINH
HT3,HUYỆT THIẾU HẢI
HT4,HUYỆT LINH ĐẠO
HT5,HUYỆT THÔNG LÝ
HT6,HUYỆT ÂM KHÍCH
HT7,HUYỆT THẦN MÔN
HT8,HUYỆT THIẾU PHỦ
HT9,HUYỆT THIẾU XUNG
SI1,HUYỆT THIẾU TRẠCH
SI2,HUYỆT TIỀN CỐC
SI3,HUYỆT HẬU KHÊ
SI4,HUYỆT UYỂN CỐT
SI5,HUYỆT DƯƠNG CỐC
SI6,HUYỆT DƯỠNG LÃO
SI7,HUYỆT CHI CHÍNH
SI8,HUYỆT TIỂU HẢI
SI9,HUYỆT KIÊN TRINH
SI10,HUYỆT NHU DU
SI11,HUYỆT THIÊN TÔNG
SI12,HUYỆT BỈNH PHONG
SI13,HUYỆT KHÚC VIÊN
SI14,HUYỆT KIÊN NGOẠI DU
SI15,HUYỆT KIÊN TRUNG DU
SJ16,HUYỆT THIÊN SONG
SI17,HUYỆT THIÊN DUNG
SI18,HUYỆT QUYỀN LIÊU
SI19,HUYỆT THÍNH CUNG
BL1,HUYỆT TINH MINH
BL2,HUYỆT TOẢN TRÚC
BL2,HUYỆT MI XUNG
BL4,HUYỆT KHÚC SAI
BL5,HUYỆT NGŨ XỨ
BL6,HUYỆT THỪA QUANG
BL7,HUYỆT THÔNG THIÊN
BL8,HUYỆT LẠC KHƯỚC
BL9,HUYỆT NGỌC CHẨM
BL10,HUYỆT THIÊN TRỤ
BL11,HUYỆT ĐẠI TRỮ
BL12,HUYỆT PHONG MÔN
BL13,HUYỆT PHẾ DU
BL14,HUYỆT QUYẾT ÂM DU
BL15,HUYỆT TÂM DU
BL16,HUYỆT ĐỐC DU
BL17,HUYỆT CÁCH DU
BL18,HUYỆT CAN DU
BL19,HUYỆT ĐẢM DU
BL20,HUYỆT TỲ DU
BL21,HUYỆT VỊ DU
BL22,HUYỆT TAM TIÊU DU
BL23,HUYỆT THẬN DU
BL24,HUYỆT KHÍ HẢI DU
BL25,HUYỆT ĐẠI TRÀNG/TRƯỜNG DU
BL26,HUYỆT QUAN NGUYÊN DU
BL27,HUYỆT TIỂU TRÀNG/TRƯỜNG DU
BL28,HUYỆT BÀNG QUANG DU
BL29,HUYỆT TRUNG LỮ DU
BL30,HUYỆT BẠCH HOÀN DU
BL31,HUYỆT THƯỢNG LIÊU
BL32,HUYỆT THỨ LIÊU
BL332,HUYỆT TRUNG LIÊU
BL34,HUYỆT HẠ LIÊU
BL35,HUYỆT HỘI DƯƠNG
BL36,HUYỆT THỪA PHÙ
BL37,HUYỆT ÂN MÔN
BL38,HUYỆT PHÙ KHÍCH
BL39,HUYỆT UỶ DƯƠNG
BL40,HUYỆT UỶ TRUNG
BL41,HUYỆT PHỤ PHÂN
BL42,HUYỆT PHÁCH HỘ
BL43,HUYỆT CAO HOANG/CAO HOANG DU
BL44,HUYỆT THẦN ĐƯỜNG
BL45,HUYỆT Y HI
BL46,HUYỆT CÁCH QUAN
BL47,HUYỆT HỒN MÔN
BL48,HUYỆT DƯƠNG CƯƠNG
BL49,HUYỆT Ý XÁ
BL50,HUYỆT VỊ THƯƠNG
BL51,HUYỆT HOANG MÔN
BL52,HUYỆT CHÍ THẤT
BL53,HUYỆT BÀO HOANG
BL54,HUYỆT TRẬT BIÊN
BL57,HUYỆT HỢP DƯƠNG
BL56,HUYỆT THỪA CÂN
BL57,HUYỆT THỪA SƠN
BL59,HUYỆT PHI DƯƠNG
BL59,HUYỆT PHỤ DƯƠNG
BL60,HUYỆT CÔN LUÂN/LÔN
BL60,HUYỆT BỘC THAM
BL62,HUYỆT THÂN MẠCH
BL63,HUYỆT KIM MÔN
BL64,HUYỆT KINH CỐT
BL65,HUYỆT THÚC CỐT
BL66,HUYỆT TÚC THÔNG CỐC
BL67,HUYỆT CHÍ ÂM
KI1,HUYỆT DŨNG TUYỀN
KD2,HUYỆT NHIÊN CỐC
KI3,HUYỆT THÁI KHÊ
KI4,HUYỆT ĐẠI CHUNG
KI5,HUYỆT THUỶ TUYỀN
KI6,HUYỆT CHIẾU HẢI
KI7,HUYỆT PHỤC LƯU
KD8,HUYỆT GIAO TÍN
KD9,HUYỆT TRÚC TÂN
KI10,HUYỆT ÂM CỐC
KD11,HUYỆT HOÀNH CỐT
KD12,HUYỆT ĐẠI HÁCH
KD13,HUYỆT KHÍ HUYỆT
KI14,HUYỆT TỨ MÃN
KI15,HUYỆT TRUNG CHÚ
KI17,HUYỆT HOANG DU
KI17,HUYỆT THƯƠNG KHÚC
KI18,HUYỆT THẠCH QUAN
KI19,HUYỆT ÂM ĐÔ
KI20,HUYỆT PHÚC THÔNG CỐC
KI21,HUYỆT U MÔN
KI22,HUYỆT BỘ LANG
KI23,HUYỆT THẦN PHONG
KI24,HUYỆT LINH KHƯ
KI25,HUYỆT THẦN TÀNG
KI26,HUYỆT HOẮC/ÚC TRUNG
ST9,HUYỆT DU PHỦ
PC1,HUYỆT THIÊN TRÌ
PC2,HUYỆT THIÊN TUYỀN
PC3,HUYỆT KHÚC TRẠCH
PC4,HUYỆT KHÍCH MÔN
PC5,HUYỆT GIAN SỬ/SỨ
PC6,HUYỆT NỘI QUAN
PC7,HUYỆT ĐẠI LĂNG
PC8,HUYỆT LAO CUNG
PC9,HUYỆT TRUNG XUNG
TE1,HUYỆT QUAN XUNG
SJ2,HUYỆT DỊCH MÔN
TE3,HUYỆT TRUNG CHỬ
TE4,HUYỆT DƯƠNG TRÌ
SJ5,HUYỆT NGOẠI QUAN
SJ6,HUYỆT CHI CÂU
TE7,HUYỆT HỘI TÔNG
SJ8,HUYỆT TAM DƯƠNG LẠC
TE8,HUYỆT TỨ ĐỘC
SJ10,HUYỆT THIÊN TỈNH
TE11,HUYỆT THANH LÃNH UYÊN
TE13,HUYỆT TIÊU LẠC
TE14,HUYỆT NHU HỘI
LI15,HUYỆT KIÊN LIÊU
TE15,HUYỆT THIÊN LIÊU
SJ16,HUYỆT THIÊN DŨ
SJ17,HUYỆT Ế PHONG
TE22,HUYỆT KHẾ MẠCH
TE21,HUYỆT LƯ TỨC
TE20,HUYỆT GIÁC TÔN
SJ21,HUYỆT NHĨ MÔN
TE22,HUYỆT NHĨ HOÀ LIÊU
SJ23,HUYỆT TY TRÚC KHÔNG
GB1,HUYỆT ĐỒNG TỬ LIÊU
GB3,HUYỆT THÍNH HỘI
GB3,HUYỆT THƯỢNG QUAN
GB4,HUYỆT HÀM YẾN
GB5,HUYỆT HUYỀN LƯ
GB6,HUYỆT HUYỀN LY
GB7,HUYỆT KHÚC TẤN/MẤN
GB8,HUYỆT SUẤT CỐC
GB9,HUYỆT THIÊN XUNG
GB10,HUYỆT PHÙ BẠCH
GB9,HUYỆT ĐẦU KHIẾU ÂM
GB12,HUYỆT HOÀN CỐT
GB13,HUYỆT BẢN THẦN
GB14,HUYỆT DƯƠNG BẠCH
GB15,HUYỆT ĐẦU LÂM KHẤP
GB16,HUYỆT MỤC SONG
GB7,HUYỆT CHÍNH DINH
GB18,HUYỆT THỪA LINH
GV17,HUYỆT NÃO KHÔNG
GB20,HUYỆT PHONG TRÌ
GB21,HUYỆT KIÊN TỈNH
GB22,HUYỆT UYÊN DỊCH
BL56,HUYỆT TRẤP CÂN
GB24,HUYỆT NHẬT NGUYỆT
GB25,HUYỆT KINH MÔN
GB26,HUYỆT ĐỚI MẠCH
ST27,HUYỆT NGŨ KHU
GB28,HUYỆT DUY ĐẠO
GB29,HUYỆT CƯ LIÊU
GB30,HUYỆT HOÀN KHIÊU
GB31,HUYỆT PHONG THỊ
GB32,HUYỆT TRUNG ĐỘC
GB33,HUYỆT TẤT DƯƠNG QUAN
GB34,HUYỆT DƯƠNG LĂNG TUYỀN
GB35,HUYỆT DƯƠNG GIAO
GB36,HUYỆT NGOẠI KHÂU
GB37,HUYỆT QUANG MINH
GB38,HUYỆT DƯƠNG PHỤ
GB39,HUYỆT HUYỀN CHUNG
GB40,HUYỆT KHÂU KHƯ
GB41,HUYỆT TÚC LÂM KHẤP
GB42,HUYỆT ĐỊA NGŨ HỘI
GB43,HUYỆT HIỆP KHÊ
GB44,HUYỆT TÚC KHIẾU ÂM
LR1,HUYỆT ĐẠI ĐÔN
LR2,HUYỆT HÀNH GIAN
LR3,HUYỆT THÁI XUNG
LR4,HUYỆT TRUNG PHONG
LR5,HUYỆT LÃI CÂU
LR6,HUYỆT TRUNG ĐÔ
LR7,HUYỆT TẤT QUAN
LR8,HUYỆT KHÚC TUYỀN
LR9,HUYỆT ÂM BAO
LR11,HUYỆT TÚC NGŨ LÝ
LR10,HUYỆT ÂM LIÊM
LR9,HUYỆT CẤP MẠCH
LR13,HUYỆT CHƯƠNG MÔN
LR14,HUYỆT KỲ MÔN
CV1,HUYỆT HỘI ÂM
CV2,HUYỆT KHÚC CỐT
CV3,HUYỆT TRUNG CỰC
CV4,HUYỆT QUAN NGUYÊN
CV5,HUYỆT THẠCH MÔN
CV6,HUYỆT KHÍ HẢI
CV7,HUYỆT ÂM GIAO
CV8,HUYỆT THẦN KHUYẾT
CV9,HUYỆT THUỶ PHÂN
CV10,HUYỆT HẠ QUẢN
CV11,HUYỆT KIẾN LÝ
CV12,HUYỆT TRUNG QUẢN
CV13,HUYỆT THƯỢNG QUẢN
CV14,HUYỆT CỰ KHUYẾT
CV15,HUYỆT CƯU VĨ
CV16,HUYỆT TRUNG ĐÌNH
CV17,HUYỆT ĐẢN TRUNG
CV18,HUYỆT NGỌC ĐƯỜNG
CV19,HUYỆT TỬ CUNG
CV20,HUYỆT HOA CÁI
CV21,HUYỆT TOÀN CƠ
CV22,HUYỆT THIÊN ĐỘT
CV23,HUYỆT LIÊM TUYỀN
CV24,HUYỆT THỪA TƯƠNG
GV1,HUYỆT TRƯỜNG CƯỜNG
GV2,HUYỆT YÊU DU
GV3,HUYỆT YÊU DƯƠNG QUAN
GV4,HUYỆT MỆNH MÔN
GV19,HUYỆT HUYỀN KHU
GV6,HUYỆT TÍCH TRUNG
GV12,HUYỆT TRUNG KHU
GV10,HUYỆT CÂN SÚC
GV9,HUYỆT CHÍ DƯƠNG
GV10,HUYỆT LINH ĐÀI
GV11,HUYỆT THẦN ĐẠO
GV12,HUYỆT THÂN TRỤ
GV13,HUYỆT ĐÀO ĐẠO
GV14,HUYỆT ĐẠI CHUỲ
GV15,HUYỆT Á MÔN
GV16,HUYỆT PHONG PHỦ
GV17,HUYỆT NÃO HỘ
GV17,HUYỆT CƯỜNG GIAN
GV19,HUYỆT HẬU ĐỈNH
GV20,HUYỆT BÁCH HỘI
GV21,HUYỆT TIỀN ĐỈNH
GV22,HUYỆT TÍN HỘI
GV23,HUYỆT THƯỢNG TINH
GV24,HUYỆT THẦN ĐÌNH
GV25,HUYỆT TỐ LIÊU
GV26,HUYỆT NHÂN TRUNG
GV28,HUYỆT ĐOÀI ĐOAN
GV28,HUYỆT NGÂN GIAO
EX-HN1,HUYỆT TỨ THẦN THÔNG (Ex-HN 1 sishencong
EX-HN1,HUYỆT ĐƯƠNG DƯƠNG
EX-HN3,HUYỆT ẤN ĐƯỜNG
EX-HN4,HUYỆT NGƯ YÊU
EX-HN5,HUYỆT THÁI DƯƠNG
EX-HN6,HUYỆT NHĨ TIÊM
EX-HN7,HUYỆT CẦU HẬU
EX-HN8,HUYỆT THƯỢNG NGHINH HƯƠNG/TỊ THÔNG (Ex-HN 8 shàng yíng
LI-EX368,HUYỆT NỘI NGHINH HƯƠNG
KD-EX369,HUYỆT TỤ TUYỀN
LU-EX370,HUYỆT HẢI TUYỀN
EX-HN12,HUYỆT KIM TÂN
EX-HN13,HUYỆT NGỌC DỊCH
EX-HN14,HUYỆT Ế MINH
EX-HN15,HUYỆT CẢNH BÁCH LAO
EX-HN1,HUYỆT THƯỢNG MINH
EX-HN1,HUYỆT AN MIÊN
BL44,HUYỆT GIÁP LÝ
ST-EX378,HUYỆT GIÁP THỪA TƯƠNG
KH-EX379,HUYỆT SÙNG CỐT
KH-EX380,HUYỆT CẢNH TÝ
Ex-CA 1 zǐ gōng,HUYỆT TỬ CUNG (Ex-CA 1 zǐ gōng
KH-EX382,HUYỆT VỊ THƯỢNG
KH-EX383,HUYỆT TỀ TRUNG TỨ BIÊN
KH-EX384,HUYỆT DI TINH
PC-EX385,HUYỆT KHÍ MÔN
KH-EX386,HUYỆT ĐỀ THÁC
BL-EX387,HUYỆT CHỈ TẢ
EX-B3,HUYỆT TAM GIÁC CỨU
EX-B1,HUYỆT ĐỊNH SUYỄN
EX-B2,HUYỆT HOA ĐÀ GIÁP TÍCH
EX-B4,HUYỆT VỊ QUẢN HẠ DU
EX-B5,HUYỆT BĨ CĂN
EX-B6,HUYỆT HẠ CHÍ THẤT/HẠ CỰC DU
EX-B7,HUYỆT YÊU NGHI (Ex-B 6 yāo yí
EX-B8,HUYỆT YÊU NHÃN
EX-B8,HUYỆT THẬP THẤT CHUỲ/THẬP THẤT CHUỲ HẠ (Ex-B 8 shí qī zhuī
KH-EX397,HUYỆT YÊU KỲ
KH-EX398,HUYỆT KẾT HẠCH HUYỆT
KH-EX399,HUYỆT ĐỒN TRUNG
EX-UE9,HUYỆT TRỬU TIÊM
SP-EX401,HUYỆT NHỊ BẠCH
KD-EX402,HUYỆT TRUNG TUYỀN
KH-EX403,HUYỆT TRUNG KHÔI
KH-EX404,HUYỆT ĐẠI CỐT KHÔNG
KH-EX405,HUYỆT TIỂU CỐT KHÔNG
EX-UE7,HUYỆT YÊU THỐNG ĐIỂM/YÊU THỐNG HUYỆT (Ex-UE 7 Yāo tòng diǎn/Yāo
EX-UE8,HUYỆT NGOẠI LAO CUNG / LẠC CHẨM / HẠNG CƯỜNG (Ex-UE 8
EX-UE9,HUYỆT BÁT TÀ
EX-UE10,HUYỆT TỨ PHÙNG (Ex-UE 10 Sì fèng
EX-UE9,HUYỆT THẬP TUYÊN
EX-UE,HUYỆT KIÊN TIỀN
BL-EX412,HUYỆT TÝ TRUNG
EX-UE,HUYỆT KHOAN CỐT
EX-LE2,HUYỆT HẠC ĐỈNH/TẤT ĐỈNH
EX-LE4,HUYỆT BÁCH TRÙNG OA
EX-LE6,HUYỆT NỘI TẤT NHÃN
EX-LE5,HUYỆT TẤT NHÃN
EX-LE8,HUYỆT ĐẢM NANG
EX-LE7,HUYỆT LAN VĨ
EX-F12,HUYỆT NỘI KHOẢ TIÊM
EX-F11,HUYỆT NGOẠI KHOẢ TIÊM
EX-LE10,HUYỆT BÁT PHONG
EX-LE11,HUYỆT ĐỘC ÂM (Ex-LE 11 Dú yīn 獨陰
EX-LE12,HUYỆT KHÍ ĐOAN (Ex-LE 12 Qì duān 氣
EX-LE7,HUYỆT HOÀN TRUNG
KH-EX426,HUYỆT TỨ CƯỜNG
EX-LE,HUYỆT LÝ NỘI ĐÌNH (Ex-LE Lǐ nèi tíng 里
KH-EX428,HUYỆT VÙNG ĐẦU MẶT
KH-EX429,HUYỆT VÙNG LƯNG
KH-EX430,HUYỆT VÙNG NGỰC BỤNG
KH-EX431,HUYỆT VÙNG TAY
KH-EX432,HUYỆT VÙNG CHÂN
